{
  "name": "spin.js",
  "version": "2.0.2",
  "main": "spin.js",
  "dependencies": {},
  "readme": "README.md",
  "repository": {
    "type": "git",
    "url": "git://github.com/fgnass/spin.js.git"
  },
  "ignore": [
    "Gruntfile.js",
    "site",
    "bower.json",
    "component.json",
    "package.json"
  ],
  "homepage": "https://github.com/fgnass/spin.js",
  "_release": "2.0.2",
  "_resolution": {
    "type": "version",
    "tag": "v2.0.2",
    "commit": "ad9aa9f0a2dc6773978baa8c3aac2b551e1da000"
  },
  "_source": "git://github.com/fgnass/spin.js.git",
  "_target": "~2.0.1",
  "_originalSource": "spin.js"
}